text,date,category,sentiment,emotion
The experience was extremely disastrous and unreliable.,2025-06-10,product question,negative,fear
The support team was impressive and exceptional.,2025-06-10,complaint,positive,surprise
The experience was extremely inadequate and annoying.,2024-11-30,product question,negative,anger
The service was typical and standard.,2025-06-10,feature request,neutral,neutral
I faced unreliable issues and got no disastrous response.,2025-06-10,complaint,negative,anger
"The product exceeded my expectations, it was both exceptional and pleasant.",2024-06-22,general inquiry,positive,surprise
I am terrible with the support and the delay was poor.,2025-02-07,service outage,negative,fear
I received a okay response within a sufficient timeframe.,2025-03-19,complaint,neutral,neutral
I received a sufficient response within a functional timeframe.,2025-06-10,technical issue,neutral,neutral
I am confusing with the support and the delay was poor.,2025-06-10,feedback,negative,disgust
Your system is poor and the interface is disastrous.,2025-01-05,complaint,negative,sadness
The experience was extremely inadequate and confusing.,2024-11-25,billing,negative,sadness
"The product exceeded my expectations, it was both responsive and helpful.",2024-11-29,bug,positive,joy
The support team was quick and responsive.,2025-04-03,support,positive,joy
The support team was quick and excellent.,2025-05-11,bug,positive,joy
The customer service representative was disappointing and seemed poor about my issue.,2025-06-10,bug,negative,sadness
"The product exceeded my expectations, it was both happy and impressive.",2025-06-10,complaint,positive,surprise
Everything worked responsive and I'm very exceptional with the service.,2024-06-10,service outage,positive,surprise
The experience was extremely frustrating and poor.,2025-06-10,installation help,negative,disgust
The experience was extremely unacceptable and disappointing.,2025-06-10,feedback,negative,fear
Everything worked efficient and I'm very smooth with the service.,2025-06-10,onboarding,positive,surprise
I had a happy experience with customer service.,2025-06-10,account management,positive,joy
I received a standard response within a expected timeframe.,2024-08-13,feature request,neutral,neutral
"The product exceeded my expectations, it was both quick and satisfying.",2025-06-10,bug,positive,joy
I am unreliable with the support and the delay was inadequate.,2025-06-10,support,negative,fear
I received a regular response within a normal timeframe.,2025-06-10,billing,neutral,neutral
I had a smooth experience with customer service.,2025-06-10,product question,positive,joy
The service was functional and regular.,2024-07-04,product question,neutral,neutral
"The product exceeded my expectations, it was both pleasant and happy.",2025-06-10,product question,positive,surprise
The service was reasonable and average.,2024-08-25,product question,neutral,neutral
Your system is unhelpful and the interface is frustrating.,2025-06-10,feature request,negative,disgust
The experience was extremely unreliable and inadequate.,2025-06-10,service outage,negative,disgust
Your system is unreliable and the interface is terrible.,2024-09-15,bug,negative,sadness
I had a delightful experience with customer service.,2025-06-10,feature request,positive,joy
The service was regular and expected.,2025-06-10,installation help,neutral,neutral
I received a regular response within a conventional timeframe.,2025-06-10,technical issue,neutral,neutral
I faced disastrous issues and got no poor response.,2025-06-10,installation help,negative,fear
Everything worked pleasant and I'm very quick with the service.,2024-06-28,service outage,positive,surprise
Nothing to adequate. It was an expected experience.,2025-05-19,service outage,neutral,neutral
Your system is unhelpful and the interface is confusing.,2025-06-10,product question,negative,disgust
Nothing to standard. It was an expected experience.,2025-06-10,onboarding,neutral,neutral
I am inadequate with the support and the delay was unacceptable.,2025-06-10,feedback,negative,disgust
The support team was responsive and satisfying.,2025-06-10,installation help,positive,surprise
"The product works as normal, with adequate functionality.",2025-06-10,complaint,neutral,neutral
Everything worked helpful and I'm very smooth with the service.,2025-06-10,onboarding,positive,joy
I am terrible with the support and the delay was inadequate.,2025-06-10,feature request,negative,fear
Your team responded excellent to my query and provided delightful solutions.,2024-06-19,complaint,positive,joy
I had a happy experience with customer service.,2025-06-10,account management,positive,surprise
Everything worked responsive and I'm very pleasant with the service.,2024-12-12,billing,positive,joy
The customer service representative was unacceptable and seemed unhelpful about my issue.,2025-06-10,product question,negative,sadness
Everything seems basic so far.,2025-06-10,service outage,neutral,neutral
Your team responded happy to my query and provided pleasant solutions.,2025-06-10,feature request,positive,joy
Nothing to typical. It was an reasonable experience.,2025-06-10,complaint,neutral,neutral
Everything worked quick and I'm very responsive with the service.,2024-12-01,bug,positive,joy
Your system is delayed and the interface is unresponsive.,2025-06-10,feature request,negative,disgust
Everything seems typical so far.,2025-06-10,complaint,neutral,neutral
Everything seems sufficient so far.,2025-06-10,support,neutral,neutral
I faced unacceptable issues and got no confusing response.,2025-06-10,general inquiry,negative,fear
Nothing to adequate. It was an reasonable experience.,2025-03-17,account management,neutral,neutral
Your system is unreliable and the interface is disappointing.,2024-07-19,onboarding,negative,sadness
Everything worked efficient and I'm very pleasant with the service.,2025-06-10,installation help,positive,joy
I am inadequate with the support and the delay was poor.,2025-06-10,bug,negative,sadness
I faced frustrating issues and got no confusing response.,2024-12-09,technical issue,negative,disgust
Everything worked impressive and I'm very smooth with the service.,2024-10-12,billing,positive,surprise
Your team responded outstanding to my query and provided happy solutions.,2024-12-01,installation help,positive,surprise
I received a standard response within a normal timeframe.,2025-06-10,support,neutral,neutral
I had a outstanding experience with customer service.,2025-06-10,complaint,positive,joy
The customer service representative was unresponsive and seemed disastrous about my issue.,2024-10-04,general inquiry,negative,fear
"The product exceeded my expectations, it was both impressive and outstanding.",2025-06-10,bug,positive,joy
I faced terrible issues and got no disappointing response.,2025-06-10,complaint,negative,fear
"The product works as adequate, with basic functionality.",2025-06-07,feedback,neutral,neutral
Your team responded responsive to my query and provided helpful solutions.,2025-06-10,general inquiry,positive,joy
I had a delightful experience with customer service.,2025-06-10,account management,positive,surprise
Everything seems regular so far.,2024-08-29,billing,neutral,neutral
I am delayed with the support and the delay was confusing.,2025-06-10,support,negative,fear
Nothing to conventional. It was an okay experience.,2025-06-10,billing,neutral,neutral
Your team responded exceptional to my query and provided satisfying solutions.,2025-01-28,service outage,positive,joy
Nothing to functional. It was an average experience.,2025-06-10,service outage,neutral,neutral
I am unresponsive with the support and the delay was delayed.,2025-06-10,onboarding,negative,sadness
I faced unresponsive issues and got no poor response.,2025-06-10,complaint,negative,fear
Everything worked helpful and I'm very smooth with the service.,2025-06-10,onboarding,positive,surprise
The service was adequate and okay.,2025-06-10,service outage,neutral,neutral
The service was reasonable and regular.,2025-06-10,bug,neutral,neutral
Your system is terrible and the interface is disappointing.,2024-08-15,complaint,negative,disgust
Nothing to reasonable. It was an basic experience.,2025-06-10,support,neutral,neutral
The support team was outstanding and satisfying.,2025-06-10,onboarding,positive,joy
Nothing to reasonable. It was an sufficient experience.,2025-06-10,technical issue,neutral,neutral
Nothing to normal. It was an regular experience.,2024-09-16,bug,neutral,neutral
The service was conventional and expected.,2025-06-10,feedback,neutral,neutral
I faced inadequate issues and got no disastrous response.,2025-06-10,feature request,negative,fear
"The product works as conventional, with adequate functionality.",2025-06-10,complaint,neutral,neutral
"The product works as standard, with regular functionality.",2025-06-10,complaint,neutral,neutral
I had a pleasant experience with customer service.,2025-06-10,feedback,positive,surprise
Everything worked efficient and I'm very impressive with the service.,2025-06-10,onboarding,positive,joy
The support team was exceptional and quick.,2025-02-14,complaint,positive,surprise
The service was basic and adequate.,2025-06-10,feedback,neutral,neutral
"The product works as sufficient, with adequate functionality.",2025-06-10,bug,neutral,neutral
I had a outstanding experience with customer service.,2024-10-31,support,positive,surprise
Everything seems functional so far.,2025-06-10,product question,neutral,neutral
"The product exceeded my expectations, it was both excellent and delightful.",2025-06-10,account management,positive,joy
Your team responded helpful to my query and provided excellent solutions.,2025-06-10,service outage,positive,surprise
The experience was extremely disappointing and poor.,2025-06-10,support,negative,fear
The customer service representative was disastrous and seemed terrible about my issue.,2025-06-10,feedback,negative,anger
I had a efficient experience with customer service.,2025-06-10,account management,positive,surprise
I received a reasonable response within a normal timeframe.,2025-06-10,technical issue,neutral,neutral
The experience was extremely inadequate and poor.,2025-06-10,complaint,negative,sadness
Nothing to standard. It was an basic experience.,2024-09-05,account management,neutral,neutral
"The product works as reasonable, with conventional functionality.",2025-06-10,bug,neutral,neutral
The service was average and normal.,2025-06-10,feedback,neutral,neutral
Your team responded helpful to my query and provided excellent solutions.,2025-06-10,technical issue,positive,surprise
Everything worked satisfying and I'm very smooth with the service.,2025-06-10,service outage,positive,joy
I had a pleasant experience with customer service.,2025-06-10,account management,positive,surprise
The customer service representative was frustrating and seemed unacceptable about my issue.,2025-06-10,technical issue,negative,sadness
Your team responded delightful to my query and provided satisfying solutions.,2025-06-10,feedback,positive,joy
Your system is unacceptable and the interface is unhelpful.,2025-06-10,technical issue,negative,anger
I faced unhelpful issues and got no unacceptable response.,2025-06-10,product question,negative,disgust
The customer service representative was unacceptable and seemed unreliable about my issue.,2025-06-10,technical issue,negative,anger
I received a functional response within a conventional timeframe.,2025-06-10,service outage,neutral,neutral
Your team responded happy to my query and provided outstanding solutions.,2025-06-10,billing,positive,joy
The experience was extremely unhelpful and disastrous.,2025-06-10,product question,negative,sadness
"The product works as adequate, with reasonable functionality.",2025-06-10,support,neutral,neutral
Your system is inadequate and the interface is unacceptable.,2025-06-10,service outage,negative,anger
Your team responded satisfying to my query and provided exceptional solutions.,2025-06-10,feature request,positive,surprise
The experience was extremely disappointing and annoying.,2025-06-10,feedback,negative,disgust
"The product exceeded my expectations, it was both responsive and delightful.",2024-06-13,bug,positive,joy
The customer service representative was inadequate and seemed delayed about my issue.,2025-06-10,onboarding,negative,sadness
"The product exceeded my expectations, it was both pleasant and happy.",2025-06-10,billing,positive,surprise
I had a impressive experience with customer service.,2025-04-23,installation help,positive,joy
I received a functional response within a basic timeframe.,2025-06-10,billing,neutral,neutral
"The product exceeded my expectations, it was both quick and impressive.",2025-06-10,billing,positive,joy
"The product works as adequate, with standard functionality.",2025-06-10,installation help,neutral,neutral
I had a responsive experience with customer service.,2025-06-10,support,positive,joy
Your team responded pleasant to my query and provided quick solutions.,2025-06-10,installation help,positive,surprise
Everything seems expected so far.,2025-06-10,account management,neutral,neutral
I faced terrible issues and got no unhelpful response.,2025-06-10,bug,negative,sadness
Your team responded impressive to my query and provided exceptional solutions.,2025-06-10,onboarding,positive,surprise
The experience was extremely inadequate and annoying.,2025-06-10,general inquiry,negative,fear
The service was conventional and sufficient.,2025-06-10,feedback,neutral,neutral
Your team responded smooth to my query and provided pleasant solutions.,2025-06-10,installation help,positive,surprise
I had a quick experience with customer service.,2025-06-10,support,positive,joy
Everything worked delightful and I'm very smooth with the service.,2024-08-13,installation help,positive,surprise
I had a impressive experience with customer service.,2024-06-25,support,positive,surprise
The customer service representative was unhelpful and seemed confusing about my issue.,2025-06-10,bug,negative,sadness
The customer service representative was unreliable and seemed unresponsive about my issue.,2025-06-10,support,negative,sadness
Your system is inadequate and the interface is unresponsive.,2025-06-10,service outage,negative,disgust
The support team was pleasant and helpful.,2025-06-10,product question,positive,joy
Nothing to reasonable. It was an okay experience.,2025-06-10,billing,neutral,neutral
I received a sufficient response within a adequate timeframe.,2025-06-10,complaint,neutral,neutral
The customer service representative was confusing and seemed inadequate about my issue.,2024-08-22,installation help,negative,sadness
The experience was extremely terrible and annoying.,2025-06-10,account management,negative,sadness
The service was expected and regular.,2025-06-10,product question,neutral,neutral
Nothing to regular. It was an sufficient experience.,2025-06-10,feature request,neutral,neutral
I had a excellent experience with customer service.,2025-06-10,onboarding,positive,surprise
The customer service representative was delayed and seemed disappointing about my issue.,2025-06-10,product question,negative,disgust
I faced frustrating issues and got no inadequate response.,2025-06-10,feedback,negative,fear
The customer service representative was unhelpful and seemed unresponsive about my issue.,2025-06-10,bug,negative,sadness
I had a outstanding experience with customer service.,2025-06-10,service outage,positive,joy
The service was reasonable and typical.,2024-10-31,support,neutral,neutral
Your system is delayed and the interface is annoying.,2025-04-10,feature request,negative,fear
I faced frustrating issues and got no poor response.,2025-06-10,feedback,negative,fear
I received a normal response within a typical timeframe.,2024-12-11,support,neutral,neutral
I am unacceptable with the support and the delay was annoying.,2025-06-10,feedback,negative,disgust
"The product exceeded my expectations, it was both helpful and outstanding.",2025-06-10,bug,positive,joy
Your team responded exceptional to my query and provided satisfying solutions.,2024-07-08,feature request,positive,joy
I had a quick experience with customer service.,2025-06-10,billing,positive,surprise
Everything seems sufficient so far.,2025-06-10,technical issue,neutral,neutral
I am unresponsive with the support and the delay was frustrating.,2025-06-10,onboarding,negative,disgust
Your system is confusing and the interface is annoying.,2024-10-02,account management,negative,fear
Nothing to okay. It was an average experience.,2025-06-10,onboarding,neutral,neutral
Your system is confusing and the interface is unacceptable.,2025-06-10,account management,negative,sadness
"The product works as basic, with adequate functionality.",2025-06-10,installation help,neutral,neutral
Your system is unresponsive and the interface is inadequate.,2025-01-17,installation help,negative,disgust
I received a standard response within a conventional timeframe.,2025-06-10,account management,neutral,neutral
Your system is disastrous and the interface is annoying.,2025-06-10,general inquiry,negative,fear
I had a delightful experience with customer service.,2025-06-10,general inquiry,positive,surprise
Everything worked excellent and I'm very exceptional with the service.,2025-06-10,service outage,positive,joy
The experience was extremely unhelpful and annoying.,2025-04-01,billing,negative,fear
I am annoying with the support and the delay was poor.,2025-06-10,complaint,negative,anger
I received a standard response within a okay timeframe.,2025-06-10,product question,neutral,neutral
"The product works as basic, with reasonable functionality.",2025-02-07,account management,neutral,neutral
The experience was extremely disastrous and confusing.,2025-06-10,support,negative,fear
I am terrible with the support and the delay was confusing.,2025-06-10,product question,negative,fear
The customer service representative was unresponsive and seemed annoying about my issue.,2025-06-10,onboarding,negative,sadness
The customer service representative was disappointing and seemed annoying about my issue.,2025-06-10,product question,negative,disgust
The customer service representative was annoying and seemed disastrous about my issue.,2025-06-10,technical issue,negative,fear
The support team was responsive and helpful.,2025-06-10,product question,positive,surprise
The service was normal and sufficient.,2025-06-10,billing,neutral,neutral
"The product exceeded my expectations, it was both happy and impressive.",2025-06-10,onboarding,positive,joy
Nothing to functional. It was an average experience.,2025-06-10,billing,neutral,neutral
I am inadequate with the support and the delay was unreliable.,2025-06-10,support,negative,sadness
The support team was happy and quick.,2025-06-10,technical issue,positive,joy
Everything seems basic so far.,2025-06-10,account management,neutral,neutral
Your team responded delightful to my query and provided exceptional solutions.,2025-06-10,installation help,positive,joy
I faced unhelpful issues and got no unreliable response.,2025-06-10,onboarding,negative,disgust
Your team responded excellent to my query and provided exceptional solutions.,2025-06-10,technical issue,positive,joy
The customer service representative was frustrating and seemed disastrous about my issue.,2025-06-10,installation help,negative,fear
"The product works as normal, with typical functionality.",2025-03-17,technical issue,neutral,neutral
The experience was extremely poor and delayed.,2025-06-10,complaint,negative,fear
The service was adequate and conventional.,2025-06-10,complaint,neutral,neutral
"The product works as average, with standard functionality.",2024-10-31,account management,neutral,neutral
The experience was extremely unacceptable and unreliable.,2025-06-10,service outage,negative,sadness
I faced disastrous issues and got no inadequate response.,2025-06-10,product question,negative,fear
I faced disastrous issues and got no poor response.,2025-06-10,service outage,negative,disgust
Nothing to conventional. It was an normal experience.,2025-06-10,bug,neutral,neutral
The service was sufficient and regular.,2025-06-10,service outage,neutral,neutral
The support team was delightful and pleasant.,2025-06-10,technical issue,positive,surprise
Everything worked excellent and I'm very exceptional with the service.,2025-06-10,support,positive,joy
"The product works as functional, with adequate functionality.",2025-06-10,account management,neutral,neutral
The service was reasonable and regular.,2025-06-10,feature request,neutral,neutral
The support team was happy and impressive.,2025-06-10,installation help,positive,joy
I faced unhelpful issues and got no inadequate response.,2025-06-10,support,negative,fear
The customer service representative was terrible and seemed disappointing about my issue.,2025-06-10,complaint,negative,sadness
"The product works as average, with typical functionality.",2025-06-10,feature request,neutral,neutral
I had a satisfying experience with customer service.,2025-06-10,service outage,positive,surprise
Everything seems expected so far.,2025-06-10,service outage,neutral,neutral
I am terrible with the support and the delay was annoying.,2025-06-10,billing,negative,anger
I had a outstanding experience with customer service.,2025-06-10,product question,positive,joy
I received a conventional response within a basic timeframe.,2025-06-10,general inquiry,neutral,neutral
"The product works as standard, with average functionality.",2025-06-10,technical issue,neutral,neutral
I received a basic response within a average timeframe.,2025-06-10,billing,neutral,neutral
Nothing to average. It was an adequate experience.,2025-06-10,account management,neutral,neutral
I faced frustrating issues and got no disappointing response.,2025-06-10,onboarding,negative,sadness
Your team responded excellent to my query and provided quick solutions.,2025-06-10,account management,positive,joy
The support team was happy and delightful.,2025-06-10,billing,positive,surprise
I am unresponsive with the support and the delay was unacceptable.,2025-06-10,installation help,negative,fear
The support team was quick and exceptional.,2025-06-10,technical issue,positive,joy
Your system is annoying and the interface is disappointing.,2025-06-10,feature request,negative,anger
Your system is unresponsive and the interface is delayed.,2025-06-10,feature request,negative,sadness
Your system is delayed and the interface is terrible.,2025-06-10,complaint,negative,fear
Your team responded delightful to my query and provided happy solutions.,2025-06-10,feedback,positive,joy
"The product works as conventional, with expected functionality.",2024-11-03,installation help,neutral,neutral
"The product works as regular, with standard functionality.",2025-06-10,account management,neutral,neutral
I faced unreliable issues and got no confusing response.,2024-09-10,product question,negative,fear
I am frustrating with the support and the delay was unhelpful.,2025-06-10,feedback,negative,fear
I am unhelpful with the support and the delay was inadequate.,2025-06-10,service outage,negative,disgust
Your team responded excellent to my query and provided efficient solutions.,2025-06-10,product question,positive,joy
"The product exceeded my expectations, it was both exceptional and pleasant.",2025-06-10,onboarding,positive,joy
I received a typical response within a sufficient timeframe.,2025-06-10,complaint,neutral,neutral
The service was normal and standard.,2025-06-10,feedback,neutral,neutral
I faced delayed issues and got no unresponsive response.,2025-06-10,complaint,negative,sadness
The service was reasonable and adequate.,2025-06-10,billing,neutral,neutral
The support team was delightful and happy.,2025-06-10,account management,positive,joy
Your team responded excellent to my query and provided quick solutions.,2024-12-21,account management,positive,joy
I had a efficient experience with customer service.,2025-06-10,complaint,positive,surprise
Your system is unhelpful and the interface is inadequate.,2025-06-10,technical issue,negative,sadness
The support team was responsive and quick.,2025-03-22,billing,positive,joy
I had a smooth experience with customer service.,2024-10-28,technical issue,positive,joy
I faced poor issues and got no inadequate response.,2025-06-10,general inquiry,negative,disgust
I faced disastrous issues and got no poor response.,2025-06-10,technical issue,negative,disgust
I faced disastrous issues and got no unresponsive response.,2025-06-10,billing,negative,fear
Your system is annoying and the interface is disappointing.,2025-06-10,bug,negative,sadness
The experience was extremely terrible and delayed.,2025-06-10,account management,negative,anger
I had a exceptional experience with customer service.,2024-12-13,billing,positive,joy
Everything worked smooth and I'm very excellent with the service.,2025-06-10,complaint,positive,surprise
The service was average and reasonable.,2025-06-10,support,neutral,neutral
"The product works as reasonable, with normal functionality.",2025-06-10,bug,neutral,neutral
I received a basic response within a sufficient timeframe.,2025-06-10,general inquiry,neutral,neutral
I faced terrible issues and got no disappointing response.,2025-06-10,account management,negative,sadness
Nothing to reasonable. It was an expected experience.,2025-06-10,product question,neutral,neutral
Everything worked quick and I'm very helpful with the service.,2025-06-10,billing,positive,surprise
I received a sufficient response within a functional timeframe.,2025-06-10,account management,neutral,neutral
I faced disappointing issues and got no delayed response.,2024-10-11,billing,negative,sadness
I faced inadequate issues and got no terrible response.,2025-06-10,feature request,negative,fear
"The product works as conventional, with basic functionality.",2025-04-30,installation help,neutral,neutral
The service was typical and conventional.,2024-11-07,service outage,neutral,neutral
Your system is disappointing and the interface is annoying.,2025-06-10,product question,negative,anger
"The product works as conventional, with okay functionality.",2024-09-20,feature request,neutral,neutral
The service was basic and sufficient.,2025-06-10,complaint,neutral,neutral
I am unreliable with the support and the delay was terrible.,2025-06-10,general inquiry,negative,anger
Nothing to average. It was an okay experience.,2025-06-10,account management,neutral,neutral
The support team was delightful and helpful.,2025-06-10,billing,positive,joy
"The product exceeded my expectations, it was both impressive and outstanding.",2025-06-10,account management,positive,joy
Nothing to sufficient. It was an basic experience.,2025-06-10,technical issue,neutral,neutral
I am confusing with the support and the delay was annoying.,2025-06-10,onboarding,negative,fear
Everything worked smooth and I'm very impressive with the service.,2025-06-10,onboarding,positive,joy
Nothing to reasonable. It was an adequate experience.,2025-06-10,technical issue,neutral,neutral
Your team responded outstanding to my query and provided smooth solutions.,2024-09-24,product question,positive,surprise
The support team was efficient and helpful.,2025-06-10,billing,positive,surprise
The experience was extremely poor and annoying.,2025-06-10,technical issue,negative,disgust
Your system is terrible and the interface is disastrous.,2025-06-10,installation help,negative,fear
I faced unacceptable issues and got no annoying response.,2025-06-10,technical issue,negative,sadness
I received a basic response within a regular timeframe.,2025-06-10,feature request,neutral,neutral
The experience was extremely confusing and delayed.,2025-06-10,billing,negative,disgust
I faced frustrating issues and got no inadequate response.,2025-06-10,complaint,negative,disgust
Your system is poor and the interface is disastrous.,2025-06-10,complaint,negative,sadness
"The product exceeded my expectations, it was both smooth and exceptional.",2025-06-10,technical issue,positive,surprise
"The product works as functional, with conventional functionality.",2025-06-10,technical issue,neutral,neutral
I faced unresponsive issues and got no terrible response.,2025-05-14,support,negative,disgust
"The product exceeded my expectations, it was both excellent and quick.",2025-06-10,onboarding,positive,surprise
I faced unacceptable issues and got no unresponsive response.,2025-06-10,installation help,negative,disgust
The support team was exceptional and responsive.,2025-06-10,support,positive,surprise
The experience was extremely unresponsive and poor.,2025-02-25,bug,negative,fear
Your team responded impressive to my query and provided smooth solutions.,2025-06-10,technical issue,positive,joy
The experience was extremely disastrous and delayed.,2025-06-10,product question,negative,sadness
Your team responded efficient to my query and provided helpful solutions.,2024-10-13,account management,positive,surprise
The customer service representative was delayed and seemed frustrating about my issue.,2025-06-10,feedback,negative,fear
Nothing to typical. It was an okay experience.,2025-06-10,onboarding,neutral,neutral
I received a reasonable response within a okay timeframe.,2025-06-10,bug,neutral,neutral
The customer service representative was terrible and seemed confusing about my issue.,2025-06-10,feature request,negative,sadness
Nothing to functional. It was an adequate experience.,2025-06-10,service outage,neutral,neutral
Nothing to expected. It was an average experience.,2025-06-10,billing,neutral,neutral
"The product works as expected, with conventional functionality.",2024-07-07,onboarding,neutral,neutral
Your team responded excellent to my query and provided quick solutions.,2025-06-10,feature request,positive,joy
"The product exceeded my expectations, it was both satisfying and delightful.",2025-06-10,general inquiry,positive,surprise
I faced annoying issues and got no unhelpful response.,2025-06-10,account management,negative,disgust
The support team was exceptional and pleasant.,2025-06-10,installation help,positive,surprise
The service was reasonable and normal.,2025-06-10,product question,neutral,neutral
"The product exceeded my expectations, it was both responsive and helpful.",2025-06-10,general inquiry,positive,surprise
I received a standard response within a adequate timeframe.,2025-06-10,bug,neutral,neutral
Everything worked happy and I'm very delightful with the service.,2024-08-01,billing,positive,joy
"The product works as average, with typical functionality.",2025-06-10,technical issue,neutral,neutral
"The product exceeded my expectations, it was both impressive and helpful.",2025-06-10,general inquiry,positive,surprise
I am unreliable with the support and the delay was poor.,2025-06-10,general inquiry,negative,sadness
I am confusing with the support and the delay was unresponsive.,2025-03-16,feature request,negative,sadness
Everything seems average so far.,2025-06-10,general inquiry,neutral,neutral
The service was conventional and functional.,2025-06-10,billing,neutral,neutral
Your team responded quick to my query and provided outstanding solutions.,2025-06-10,feature request,positive,surprise
Your system is terrible and the interface is inadequate.,2025-06-10,account management,negative,fear
"The product exceeded my expectations, it was both delightful and satisfying.",2025-06-10,onboarding,positive,surprise
I received a reasonable response within a functional timeframe.,2025-06-10,installation help,neutral,neutral
Nothing to okay. It was an normal experience.,2025-06-10,service outage,neutral,neutral
The customer service representative was disastrous and seemed delayed about my issue.,2025-06-10,billing,negative,disgust
I faced unacceptable issues and got no delayed response.,2025-06-10,billing,negative,anger
I had a delightful experience with customer service.,2025-06-10,installation help,positive,surprise
I had a exceptional experience with customer service.,2025-06-10,general inquiry,positive,joy
The customer service representative was unresponsive and seemed confusing about my issue.,2025-02-22,technical issue,negative,fear
Your team responded happy to my query and provided outstanding solutions.,2025-06-10,bug,positive,joy
"The product exceeded my expectations, it was both efficient and responsive.",2025-06-10,technical issue,positive,joy
The customer service representative was unhelpful and seemed poor about my issue.,2025-06-10,product question,negative,anger
"The product exceeded my expectations, it was both quick and exceptional.",2025-06-10,bug,positive,surprise
"The product works as basic, with sufficient functionality.",2025-06-10,complaint,neutral,neutral
Everything seems expected so far.,2025-06-10,billing,neutral,neutral
The customer service representative was unreliable and seemed unacceptable about my issue.,2025-06-10,feature request,negative,anger
The experience was extremely terrible and disastrous.,2025-06-10,technical issue,negative,disgust
I had a pleasant experience with customer service.,2025-06-10,bug,positive,joy
Everything worked quick and I'm very helpful with the service.,2025-06-10,bug,positive,joy
The experience was extremely frustrating and unacceptable.,2025-06-10,onboarding,negative,anger
"The product works as average, with normal functionality.",2025-06-10,product question,neutral,neutral
I received a expected response within a standard timeframe.,2025-06-10,service outage,neutral,neutral
I received a sufficient response within a regular timeframe.,2025-06-10,service outage,neutral,neutral
"The product exceeded my expectations, it was both responsive and delightful.",2025-06-10,technical issue,positive,joy
Everything worked delightful and I'm very smooth with the service.,2025-06-10,support,positive,joy
Nothing to expected. It was an normal experience.,2025-06-10,product question,neutral,neutral
Everything seems reasonable so far.,2025-06-10,product question,neutral,neutral
Everything seems functional so far.,2025-06-10,feedback,neutral,neutral
Your system is delayed and the interface is frustrating.,2025-06-10,complaint,negative,fear
Everything seems reasonable so far.,2025-06-10,service outage,neutral,neutral
I received a sufficient response within a expected timeframe.,2024-06-20,onboarding,neutral,neutral
I received a functional response within a okay timeframe.,2025-06-10,onboarding,neutral,neutral
The experience was extremely disastrous and unhelpful.,2025-06-10,onboarding,negative,disgust
The customer service representative was poor and seemed frustrating about my issue.,2025-05-31,feature request,negative,fear
Everything worked efficient and I'm very quick with the service.,2025-06-10,product question,positive,joy
I received a sufficient response within a standard timeframe.,2025-06-10,account management,neutral,neutral
Your system is delayed and the interface is frustrating.,2025-01-29,service outage,negative,sadness
"The product exceeded my expectations, it was both efficient and excellent.",2025-06-10,feature request,positive,joy
The support team was exceptional and excellent.,2025-06-10,account management,positive,joy
Your system is unreliable and the interface is unacceptable.,2025-06-10,service outage,negative,anger
Your team responded excellent to my query and provided helpful solutions.,2025-06-10,support,positive,surprise
I received a okay response within a regular timeframe.,2025-06-10,feature request,neutral,neutral
I faced unreliable issues and got no confusing response.,2025-06-10,support,negative,anger
I had a outstanding experience with customer service.,2025-06-10,technical issue,positive,surprise
Everything seems okay so far.,2025-04-09,installation help,neutral,neutral
I am inadequate with the support and the delay was poor.,2025-06-05,feedback,negative,fear
I faced unacceptable issues and got no terrible response.,2025-06-10,general inquiry,negative,sadness
"The product exceeded my expectations, it was both happy and impressive.",2025-02-12,feature request,positive,joy
I had a satisfying experience with customer service.,2025-06-10,support,positive,joy
Everything worked exceptional and I'm very efficient with the service.,2025-04-05,account management,positive,joy
I faced disappointing issues and got no annoying response.,2025-04-06,billing,negative,fear
I had a delightful experience with customer service.,2025-06-10,service outage,positive,joy
I had a satisfying experience with customer service.,2025-06-10,bug,positive,surprise
Your team responded excellent to my query and provided satisfying solutions.,2025-06-10,bug,positive,surprise
I received a regular response within a standard timeframe.,2025-04-06,complaint,neutral,neutral
"The product works as expected, with adequate functionality.",2025-06-10,complaint,neutral,neutral
Your system is unhelpful and the interface is inadequate.,2025-06-10,account management,negative,disgust
The customer service representative was delayed and seemed unreliable about my issue.,2025-06-10,account management,negative,fear
Your system is frustrating and the interface is poor.,2025-06-10,onboarding,negative,sadness
Nothing to reasonable. It was an functional experience.,2025-02-19,billing,neutral,neutral
The customer service representative was frustrating and seemed terrible about my issue.,2025-06-10,installation help,negative,disgust
I had a delightful experience with customer service.,2025-06-10,support,positive,surprise
I am frustrating with the support and the delay was unacceptable.,2025-06-10,billing,negative,sadness
"The product works as adequate, with regular functionality.",2025-02-14,feature request,neutral,neutral
I faced unreliable issues and got no poor response.,2025-06-10,bug,negative,disgust
Your system is unresponsive and the interface is terrible.,2024-10-13,complaint,negative,anger
The service was normal and adequate.,2024-09-22,service outage,neutral,neutral
Everything worked smooth and I'm very excellent with the service.,2025-06-10,billing,positive,joy
The experience was extremely inadequate and disappointing.,2025-06-10,billing,negative,disgust
I faced terrible issues and got no poor response.,2024-11-23,product question,negative,anger
Nothing to average. It was an functional experience.,2025-06-10,service outage,neutral,neutral
Nothing to average. It was an functional experience.,2025-06-10,general inquiry,neutral,neutral
I had a impressive experience with customer service.,2025-06-10,general inquiry,positive,joy
The service was typical and sufficient.,2025-06-10,bug,neutral,neutral
The customer service representative was unreliable and seemed unhelpful about my issue.,2025-06-10,installation help,negative,sadness
The experience was extremely unhelpful and delayed.,2025-06-10,installation help,negative,sadness
The customer service representative was annoying and seemed terrible about my issue.,2025-06-10,account management,negative,anger
The experience was extremely unacceptable and unreliable.,2025-06-10,billing,negative,disgust
"The product works as basic, with expected functionality.",2025-06-10,installation help,neutral,neutral
The experience was extremely confusing and poor.,2025-06-10,bug,negative,sadness
"The product works as okay, with conventional functionality.",2025-06-10,feature request,neutral,neutral
Your team responded outstanding to my query and provided smooth solutions.,2025-06-10,onboarding,positive,surprise
I had a helpful experience with customer service.,2025-06-10,product question,positive,joy
I am annoying with the support and the delay was delayed.,2025-05-06,technical issue,negative,disgust
The service was functional and basic.,2025-06-10,complaint,neutral,neutral
I am unhelpful with the support and the delay was unresponsive.,2025-06-10,installation help,negative,fear
The service was adequate and basic.,2025-06-10,bug,neutral,neutral
Everything seems regular so far.,2025-06-10,billing,neutral,neutral
"The product works as conventional, with typical functionality.",2025-06-10,feedback,neutral,neutral
I am disappointing with the support and the delay was unhelpful.,2025-06-10,billing,negative,anger
The support team was impressive and quick.,2025-05-28,account management,positive,surprise
I received a typical response within a basic timeframe.,2025-06-10,account management,neutral,neutral
Everything worked satisfying and I'm very quick with the service.,2025-06-10,bug,positive,surprise
The support team was helpful and impressive.,2025-06-10,support,positive,surprise
Everything seems sufficient so far.,2025-06-10,feedback,neutral,neutral
I received a adequate response within a standard timeframe.,2025-06-10,complaint,neutral,neutral
I received a typical response within a functional timeframe.,2025-06-10,feature request,neutral,neutral
The customer service representative was unacceptable and seemed annoying about my issue.,2025-06-10,feature request,negative,fear
Everything worked smooth and I'm very delightful with the service.,2025-01-07,bug,positive,surprise
The service was average and typical.,2025-06-10,feedback,neutral,neutral
Everything seems normal so far.,2025-04-08,support,neutral,neutral
Everything seems functional so far.,2025-06-10,account management,neutral,neutral
I am confusing with the support and the delay was disappointing.,2025-06-10,complaint,negative,sadness
I faced confusing issues and got no frustrating response.,2025-04-13,technical issue,negative,fear
I received a standard response within a adequate timeframe.,2025-06-10,bug,neutral,neutral
I faced disappointing issues and got no unreliable response.,2025-06-10,support,negative,anger
The support team was helpful and smooth.,2025-06-10,service outage,positive,joy
I am unresponsive with the support and the delay was disastrous.,2025-06-10,installation help,negative,sadness
Everything seems average so far.,2025-01-10,product question,neutral,neutral
"The product exceeded my expectations, it was both satisfying and smooth.",2025-06-10,general inquiry,positive,joy
The customer service representative was poor and seemed unacceptable about my issue.,2025-06-10,product question,negative,sadness
Nothing to sufficient. It was an basic experience.,2025-06-10,support,neutral,neutral
The customer service representative was confusing and seemed disappointing about my issue.,2025-06-10,account management,negative,anger
The support team was impressive and exceptional.,2025-05-11,bug,positive,surprise
I am unreliable with the support and the delay was unresponsive.,2025-06-10,onboarding,negative,anger
The experience was extremely delayed and unacceptable.,2025-06-10,feature request,negative,anger
I had a responsive experience with customer service.,2025-06-10,general inquiry,positive,surprise
Your team responded exceptional to my query and provided quick solutions.,2025-06-10,general inquiry,positive,joy
I faced delayed issues and got no inadequate response.,2025-06-10,account management,negative,disgust
Nothing to regular. It was an okay experience.,2025-01-12,installation help,neutral,neutral
Your team responded impressive to my query and provided excellent solutions.,2025-06-10,complaint,positive,joy
Nothing to typical. It was an normal experience.,2025-06-10,account management,neutral,neutral
The support team was impressive and responsive.,2025-06-10,installation help,positive,surprise
Everything seems expected so far.,2025-06-10,service outage,neutral,neutral
Your team responded happy to my query and provided delightful solutions.,2025-06-10,feature request,positive,surprise
I am frustrating with the support and the delay was inadequate.,2025-06-10,feedback,negative,sadness
Everything worked quick and I'm very pleasant with the service.,2025-06-10,feature request,positive,surprise
The experience was extremely delayed and unhelpful.,2025-06-10,general inquiry,negative,anger
I had a impressive experience with customer service.,2025-06-10,feedback,positive,joy
I received a regular response within a average timeframe.,2025-06-10,general inquiry,neutral,neutral
"The product works as typical, with average functionality.",2025-06-10,product question,neutral,neutral
The customer service representative was unhelpful and seemed inadequate about my issue.,2025-06-10,installation help,negative,anger
I received a okay response within a adequate timeframe.,2025-06-10,billing,neutral,neutral
Nothing to conventional. It was an reasonable experience.,2025-06-10,complaint,neutral,neutral
Your system is poor and the interface is confusing.,2025-01-14,general inquiry,negative,sadness
"The product works as functional, with okay functionality.",2025-06-10,onboarding,neutral,neutral
The service was conventional and reasonable.,2025-06-10,support,neutral,neutral
"The product works as regular, with average functionality.",2025-06-10,feedback,neutral,neutral
"The product exceeded my expectations, it was both happy and efficient.",2025-06-10,product question,positive,joy
The customer service representative was terrible and seemed unreliable about my issue.,2025-06-10,complaint,negative,sadness
"The product works as basic, with average functionality.",2025-06-10,account management,neutral,neutral
The service was standard and functional.,2025-06-10,onboarding,neutral,neutral
Your system is frustrating and the interface is annoying.,2025-06-10,complaint,negative,fear
I faced unhelpful issues and got no unreliable response.,2025-06-10,service outage,negative,sadness
"The product works as expected, with sufficient functionality.",2025-06-10,bug,neutral,neutral
"The product exceeded my expectations, it was both pleasant and responsive.",2025-04-10,installation help,positive,joy
The service was adequate and typical.,2025-06-10,account management,neutral,neutral
"The product works as functional, with typical functionality.",2025-06-10,billing,neutral,neutral
"The product exceeded my expectations, it was both delightful and pleasant.",2025-06-10,support,positive,joy
The customer service representative was confusing and seemed unreliable about my issue.,2025-06-10,complaint,negative,disgust
Your system is delayed and the interface is unreliable.,2025-06-10,billing,negative,fear
I am unacceptable with the support and the delay was annoying.,2024-08-26,feature request,negative,disgust
I had a responsive experience with customer service.,2025-01-19,billing,positive,surprise
Your team responded happy to my query and provided satisfying solutions.,2025-06-10,feedback,positive,surprise
I had a outstanding experience with customer service.,2025-06-10,technical issue,positive,surprise
"The product works as functional, with regular functionality.",2025-06-10,feature request,neutral,neutral
Everything worked exceptional and I'm very responsive with the service.,2025-06-10,feature request,positive,surprise
I faced poor issues and got no unacceptable response.,2024-09-08,feature request,negative,sadness
I faced terrible issues and got no unacceptable response.,2024-12-23,service outage,negative,fear
"The product exceeded my expectations, it was both exceptional and impressive.",2025-06-10,service outage,positive,joy
"The product exceeded my expectations, it was both happy and satisfying.",2025-06-10,support,positive,joy
The customer service representative was unhelpful and seemed terrible about my issue.,2025-01-07,general inquiry,negative,disgust
I am annoying with the support and the delay was terrible.,2025-06-10,support,negative,sadness
The experience was extremely poor and annoying.,2024-06-22,service outage,negative,anger
Everything worked satisfying and I'm very efficient with the service.,2025-06-10,bug,positive,joy
Everything seems sufficient so far.,2025-06-10,account management,neutral,neutral
Your system is delayed and the interface is unreliable.,2025-06-10,bug,negative,fear
Your system is disappointing and the interface is inadequate.,2025-06-10,general inquiry,negative,fear
The support team was exceptional and quick.,2025-06-10,bug,positive,joy
The customer service representative was unreliable and seemed unhelpful about my issue.,2025-06-10,product question,negative,fear
I am poor with the support and the delay was unacceptable.,2025-06-10,service outage,negative,sadness
The customer service representative was disappointing and seemed confusing about my issue.,2025-06-10,onboarding,negative,disgust
Everything seems expected so far.,2024-06-24,installation help,neutral,neutral
The service was average and expected.,2025-06-10,product question,neutral,neutral
The experience was extremely unresponsive and terrible.,2025-06-10,complaint,negative,disgust
I am annoying with the support and the delay was inadequate.,2025-06-10,account management,negative,fear
I received a sufficient response within a conventional timeframe.,2025-06-10,billing,neutral,neutral
The support team was pleasant and smooth.,2025-06-10,installation help,positive,joy
The customer service representative was unacceptable and seemed unhelpful about my issue.,2024-11-05,feature request,negative,sadness
The service was standard and basic.,2025-06-10,complaint,neutral,neutral
Everything seems regular so far.,2025-06-10,complaint,neutral,neutral
Your system is disastrous and the interface is unhelpful.,2025-06-10,bug,negative,disgust
I am unhelpful with the support and the delay was frustrating.,2025-06-10,feedback,negative,sadness
